id,fasta_path,pdb_path,plddt_json_path
Bovine,fastas/Bovine.fasta,,
S1,fastas/S1.fasta,,
S2,fastas/S2.fasta,,
S3,fastas/S3.fasta,,
S4,fastas/S4.fasta,,
S5,fastas/S5.fasta,,
S6,fastas/S6.fasta,,
S7,fastas/S7.fasta,,
S8,fastas/S8.fasta,,
S9,fastas/S9.fasta,,
S10,fastas/S10.fasta,,
S11,fastas/S11.fasta,,
S12,fastas/S12.fasta,,
S13,fastas/S13.fasta,,
S14,fastas/S14.fasta,,
S15,fastas/S15.fasta,,
S16,fastas/S16.fasta,,
S17,fastas/S17.fasta,,
S18,fastas/S18.fasta,,
S19,fastas/S19.fasta,,
S20,fastas/S20.fasta,,
S21,fastas/S21.fasta,,
S22,fastas/S22.fasta,,
S23,fastas/S23.fasta,,
S24,fastas/S24.fasta,,
S25,fastas/S25.fasta,,
S26,fastas/S26.fasta,,
S27,fastas/S27.fasta,,
S28,fastas/S28.fasta,,
S29,fastas/S29.fasta,,
S30,fastas/S30.fasta,,
S31,fastas/S31.fasta,,
S32,fastas/S32.fasta,,
S33,fastas/S33.fasta,,
S34,fastas/S34.fasta,,
S35,fastas/S35.fasta,,
S36,fastas/S36.fasta,,
S37,fastas/S37.fasta,,
S38,fastas/S38.fasta,,
S39,fastas/S39.fasta,,
S40,fastas/S40.fasta,,
S41,fastas/S41.fasta,,
S42,fastas/S42.fasta,,
S43,fastas/S43.fasta,,
S44,fastas/S44.fasta,,
S45,fastas/S45.fasta,,
S46,fastas/S46.fasta,,
S47,fastas/S47.fasta,,
S48,fastas/S48.fasta,,
S49,fastas/S49.fasta,,
S50,fastas/S50.fasta,,
S51,fastas/S51.fasta,,
S52,fastas/S52.fasta,,
S53,fastas/S53.fasta,,
S54,fastas/S54.fasta,,
S55,fastas/S55.fasta,,
S56,fastas/S56.fasta,,
S57,fastas/S57.fasta,,
S58,fastas/S58.fasta,,
S59,fastas/S59.fasta,,
S60,fastas/S60.fasta,,
S61,fastas/S61.fasta,,
S62,fastas/S62.fasta,,
S63,fastas/S63.fasta,,
S64,fastas/S64.fasta,,
S65,fastas/S65.fasta,,
S66,fastas/S66.fasta,,
S67,fastas/S67.fasta,,
S68,fastas/S68.fasta,,
S69,fastas/S69.fasta,,
S70,fastas/S70.fasta,,
S71,fastas/S71.fasta,,
S72,fastas/S72.fasta,,
S73,fastas/S73.fasta,,
S74,fastas/S74.fasta,,
S75,fastas/S75.fasta,,
S76,fastas/S76.fasta,,
S77,fastas/S77.fasta,,
S78,fastas/S78.fasta,,
S79,fastas/S79.fasta,,
S80,fastas/S80.fasta,,
S81,fastas/S81.fasta,,
S82,fastas/S82.fasta,,
S83,fastas/S83.fasta,,
S84,fastas/S84.fasta,,
S85,fastas/S85.fasta,,
S86,fastas/S86.fasta,,
S87,fastas/S87.fasta,,
S88,fastas/S88.fasta,,
S89,fastas/S89.fasta,,
S90,fastas/S90.fasta,,
S91,fastas/S91.fasta,,
S92,fastas/S92.fasta,,
S93,fastas/S93.fasta,,
S94,fastas/S94.fasta,,
S95,fastas/S95.fasta,,
S96,fastas/S96.fasta,,
S97,fastas/S97.fasta,,
S98,fastas/S98.fasta,,
S99,fastas/S99.fasta,,
S100,fastas/S100.fasta,,
S101,fastas/S101.fasta,,
S102,fastas/S102.fasta,,
S103,fastas/S103.fasta,,
S104,fastas/S104.fasta,,
S105,fastas/S105.fasta,,
S106,fastas/S106.fasta,,
S107,fastas/S107.fasta,,
S108,fastas/S108.fasta,,
S109,fastas/S109.fasta,,
S110,fastas/S110.fasta,,
S111,fastas/S111.fasta,,
S112,fastas/S112.fasta,,
S113,fastas/S113.fasta,,
S114,fastas/S114.fasta,,
S115,fastas/S115.fasta,,
S116,fastas/S116.fasta,,
S117,fastas/S117.fasta,,
S118,fastas/S118.fasta,,
S119,fastas/S119.fasta,,
S120,fastas/S120.fasta,,
S121,fastas/S121.fasta,,
S122,fastas/S122.fasta,,
S123,fastas/S123.fasta,,
S124,fastas/S124.fasta,,
S125,fastas/S125.fasta,,
S126,fastas/S126.fasta,,
S127,fastas/S127.fasta,,
S128,fastas/S128.fasta,,
S129,fastas/S129.fasta,,
S130,fastas/S130.fasta,,
S131,fastas/S131.fasta,,
S132,fastas/S132.fasta,,
S133,fastas/S133.fasta,,
S134,fastas/S134.fasta,,
S135,fastas/S135.fasta,,
S136,fastas/S136.fasta,,
S137,fastas/S137.fasta,,
S138,fastas/S138.fasta,,
S139,fastas/S139.fasta,,
S140,fastas/S140.fasta,,
S141,fastas/S141.fasta,,
S142,fastas/S142.fasta,,
S143,fastas/S143.fasta,,
S144,fastas/S144.fasta,,
S145,fastas/S145.fasta,,
S146,fastas/S146.fasta,,
S147,fastas/S147.fasta,,
S148,fastas/S148.fasta,,
S149,fastas/S149.fasta,,
S150,fastas/S150.fasta,,
S151,fastas/S151.fasta,,
S152,fastas/S152.fasta,,
S153,fastas/S153.fasta,,
S154,fastas/S154.fasta,,
S155,fastas/S155.fasta,,
S156,fastas/S156.fasta,,
S157,fastas/S157.fasta,,
S158,fastas/S158.fasta,,
S159,fastas/S159.fasta,,
S160,fastas/S160.fasta,,
S161,fastas/S161.fasta,,
S162,fastas/S162.fasta,,
S163,fastas/S163.fasta,,
S164,fastas/S164.fasta,,
S165,fastas/S165.fasta,,
S166,fastas/S166.fasta,,
S167,fastas/S167.fasta,,
S168,fastas/S168.fasta,,
S169,fastas/S169.fasta,,
S170,fastas/S170.fasta,,
S171,fastas/S171.fasta,,
S172,fastas/S172.fasta,,
S173,fastas/S173.fasta,,
S174,fastas/S174.fasta,,
S175,fastas/S175.fasta,,
S176,fastas/S176.fasta,,
S177,fastas/S177.fasta,,
S178,fastas/S178.fasta,,
S179,fastas/S179.fasta,,
S180,fastas/S180.fasta,,
S181,fastas/S181.fasta,,
S182,fastas/S182.fasta,,
S183,fastas/S183.fasta,,
S184,fastas/S184.fasta,,
S185,fastas/S185.fasta,,
S186,fastas/S186.fasta,,
S187,fastas/S187.fasta,,
S188,fastas/S188.fasta,,
S189,fastas/S189.fasta,,
S190,fastas/S190.fasta,,
S191,fastas/S191.fasta,,
S192,fastas/S192.fasta,,
S193,fastas/S193.fasta,,
S194,fastas/S194.fasta,,
S195,fastas/S195.fasta,,
S196,fastas/S196.fasta,,
S197,fastas/S197.fasta,,
S198,fastas/S198.fasta,,
S199,fastas/S199.fasta,,
S200,fastas/S200.fasta,,
S201,fastas/S201.fasta,,
S202,fastas/S202.fasta,,
S203,fastas/S203.fasta,,
S204,fastas/S204.fasta,,
S205,fastas/S205.fasta,,
S206,fastas/S206.fasta,,
S207,fastas/S207.fasta,,
S208,fastas/S208.fasta,,
S209,fastas/S209.fasta,,
S210,fastas/S210.fasta,,
S211,fastas/S211.fasta,,
S212,fastas/S212.fasta,,
S213,fastas/S213.fasta,,
S214,fastas/S214.fasta,,
S215,fastas/S215.fasta,,
S216,fastas/S216.fasta,,
S217,fastas/S217.fasta,,
S218,fastas/S218.fasta,,
S219,fastas/S219.fasta,,
S220,fastas/S220.fasta,,
S221,fastas/S221.fasta,,
S222,fastas/S222.fasta,,
S223,fastas/S223.fasta,,
S224,fastas/S224.fasta,,
S225,fastas/S225.fasta,,
S226,fastas/S226.fasta,,
S227,fastas/S227.fasta,,
S228,fastas/S228.fasta,,
S229,fastas/S229.fasta,,
S230,fastas/S230.fasta,,
S231,fastas/S231.fasta,,
S232,fastas/S232.fasta,,
S233,fastas/S233.fasta,,
S234,fastas/S234.fasta,,
S235,fastas/S235.fasta,,
S236,fastas/S236.fasta,,
S237,fastas/S237.fasta,,
S238,fastas/S238.fasta,,
S239,fastas/S239.fasta,,
S240,fastas/S240.fasta,,
S241,fastas/S241.fasta,,
S242,fastas/S242.fasta,,
S243,fastas/S243.fasta,,
S244,fastas/S244.fasta,,
S245,fastas/S245.fasta,,
S246,fastas/S246.fasta,,
S247,fastas/S247.fasta,,
S248,fastas/S248.fasta,,
S249,fastas/S249.fasta,,
S250,fastas/S250.fasta,,
S251,fastas/S251.fasta,,
S252,fastas/S252.fasta,,
S253,fastas/S253.fasta,,
S254,fastas/S254.fasta,,
S255,fastas/S255.fasta,,
S256,fastas/S256.fasta,,
S257,fastas/S257.fasta,,
S258,fastas/S258.fasta,,
S259,fastas/S259.fasta,,
S260,fastas/S260.fasta,,
S261,fastas/S261.fasta,,
S262,fastas/S262.fasta,,
S263,fastas/S263.fasta,,
S264,fastas/S264.fasta,,
S265,fastas/S265.fasta,,
S266,fastas/S266.fasta,,
S267,fastas/S267.fasta,,
S268,fastas/S268.fasta,,
S269,fastas/S269.fasta,,
S270,fastas/S270.fasta,,
S271,fastas/S271.fasta,,
S272,fastas/S272.fasta,,
S273,fastas/S273.fasta,,
S274,fastas/S274.fasta,,
S275,fastas/S275.fasta,,
S276,fastas/S276.fasta,,
S277,fastas/S277.fasta,,
S278,fastas/S278.fasta,,
S279,fastas/S279.fasta,,
S280,fastas/S280.fasta,,
S281,fastas/S281.fasta,,
S282,fastas/S282.fasta,,
S283,fastas/S283.fasta,,
S284,fastas/S284.fasta,,
S285,fastas/S285.fasta,,
S286,fastas/S286.fasta,,
S287,fastas/S287.fasta,,
S288,fastas/S288.fasta,,
S289,fastas/S289.fasta,,
S290,fastas/S290.fasta,,
S291,fastas/S291.fasta,,
S292,fastas/S292.fasta,,
S293,fastas/S293.fasta,,
S294,fastas/S294.fasta,,
S295,fastas/S295.fasta,,
S296,fastas/S296.fasta,,
S297,fastas/S297.fasta,,
S298,fastas/S298.fasta,,
S299,fastas/S299.fasta,,
S300,fastas/S300.fasta,,
S301,fastas/S301.fasta,,
S302,fastas/S302.fasta,,
S303,fastas/S303.fasta,,
S304,fastas/S304.fasta,,
S305,fastas/S305.fasta,,
S306,fastas/S306.fasta,,
S307,fastas/S307.fasta,,
S308,fastas/S308.fasta,,
S309,fastas/S309.fasta,,
S310,fastas/S310.fasta,,
S311,fastas/S311.fasta,,
S312,fastas/S312.fasta,,
S313,fastas/S313.fasta,,
S314,fastas/S314.fasta,,
S315,fastas/S315.fasta,,
S316,fastas/S316.fasta,,
S317,fastas/S317.fasta,,
S318,fastas/S318.fasta,,
S319,fastas/S319.fasta,,
S320,fastas/S320.fasta,,
S321,fastas/S321.fasta,,
S322,fastas/S322.fasta,,
S323,fastas/S323.fasta,,
S324,fastas/S324.fasta,,
S325,fastas/S325.fasta,,
S326,fastas/S326.fasta,,
S327,fastas/S327.fasta,,
S328,fastas/S328.fasta,,
S329,fastas/S329.fasta,,
S330,fastas/S330.fasta,,
S331,fastas/S331.fasta,,
S332,fastas/S332.fasta,,
S333,fastas/S333.fasta,,
S334,fastas/S334.fasta,,
S335,fastas/S335.fasta,,
S336,fastas/S336.fasta,,
S337,fastas/S337.fasta,,
S338,fastas/S338.fasta,,
S339,fastas/S339.fasta,,
S340,fastas/S340.fasta,,
S341,fastas/S341.fasta,,
S342,fastas/S342.fasta,,
S343,fastas/S343.fasta,,
S344,fastas/S344.fasta,,
S345,fastas/S345.fasta,,
S346,fastas/S346.fasta,,
S347,fastas/S347.fasta,,
S348,fastas/S348.fasta,,
S349,fastas/S349.fasta,,
S350,fastas/S350.fasta,,
S351,fastas/S351.fasta,,
S352,fastas/S352.fasta,,
S353,fastas/S353.fasta,,
S354,fastas/S354.fasta,,
S355,fastas/S355.fasta,,
S356,fastas/S356.fasta,,
S357,fastas/S357.fasta,,
S358,fastas/S358.fasta,,
S359,fastas/S359.fasta,,
S360,fastas/S360.fasta,,
S361,fastas/S361.fasta,,
S362,fastas/S362.fasta,,
S363,fastas/S363.fasta,,
S364,fastas/S364.fasta,,
S365,fastas/S365.fasta,,
S366,fastas/S366.fasta,,
S367,fastas/S367.fasta,,
S368,fastas/S368.fasta,,
S369,fastas/S369.fasta,,
S370,fastas/S370.fasta,,
S371,fastas/S371.fasta,,
S372,fastas/S372.fasta,,
S373,fastas/S373.fasta,,
S374,fastas/S374.fasta,,
S375,fastas/S375.fasta,,
S376,fastas/S376.fasta,,
S377,fastas/S377.fasta,,
S378,fastas/S378.fasta,,
S379,fastas/S379.fasta,,
S380,fastas/S380.fasta,,
S381,fastas/S381.fasta,,
S382,fastas/S382.fasta,,
S383,fastas/S383.fasta,,
S384,fastas/S384.fasta,,
S385,fastas/S385.fasta,,
S386,fastas/S386.fasta,,
S387,fastas/S387.fasta,,
S388,fastas/S388.fasta,,
S389,fastas/S389.fasta,,
S390,fastas/S390.fasta,,
S391,fastas/S391.fasta,,
S392,fastas/S392.fasta,,
S393,fastas/S393.fasta,,
S394,fastas/S394.fasta,,
S395,fastas/S395.fasta,,
S396,fastas/S396.fasta,,
S397,fastas/S397.fasta,,
S398,fastas/S398.fasta,,
S399,fastas/S399.fasta,,
S400,fastas/S400.fasta,,
S401,fastas/S401.fasta,,
S402,fastas/S402.fasta,,
S403,fastas/S403.fasta,,
S404,fastas/S404.fasta,,
S405,fastas/S405.fasta,,
S406,fastas/S406.fasta,,
S407,fastas/S407.fasta,,
S408,fastas/S408.fasta,,
S409,fastas/S409.fasta,,
S410,fastas/S410.fasta,,
S411,fastas/S411.fasta,,
S412,fastas/S412.fasta,,
S413,fastas/S413.fasta,,
S414,fastas/S414.fasta,,
S415,fastas/S415.fasta,,
S416,fastas/S416.fasta,,
S417,fastas/S417.fasta,,
S418,fastas/S418.fasta,,
S419,fastas/S419.fasta,,
S420,fastas/S420.fasta,,
S421,fastas/S421.fasta,,
S422,fastas/S422.fasta,,
S423,fastas/S423.fasta,,
S424,fastas/S424.fasta,,
S425,fastas/S425.fasta,,
S426,fastas/S426.fasta,,
S427,fastas/S427.fasta,,
S428,fastas/S428.fasta,,
S429,fastas/S429.fasta,,
S430,fastas/S430.fasta,,
S431,fastas/S431.fasta,,
S432,fastas/S432.fasta,,
S433,fastas/S433.fasta,,
S434,fastas/S434.fasta,,
S435,fastas/S435.fasta,,
S436,fastas/S436.fasta,,
S437,fastas/S437.fasta,,
S438,fastas/S438.fasta,,
S439,fastas/S439.fasta,,
S440,fastas/S440.fasta,,
S441,fastas/S441.fasta,,
S442,fastas/S442.fasta,,
S443,fastas/S443.fasta,,
S444,fastas/S444.fasta,,
S445,fastas/S445.fasta,,
S446,fastas/S446.fasta,,
S447,fastas/S447.fasta,,
S448,fastas/S448.fasta,,
S449,fastas/S449.fasta,,
S450,fastas/S450.fasta,,
S451,fastas/S451.fasta,,
S452,fastas/S452.fasta,,
S453,fastas/S453.fasta,,
S454,fastas/S454.fasta,,
S455,fastas/S455.fasta,,
S456,fastas/S456.fasta,,
S457,fastas/S457.fasta,,
S458,fastas/S458.fasta,,
S459,fastas/S459.fasta,,
S460,fastas/S460.fasta,,
S461,fastas/S461.fasta,,
S462,fastas/S462.fasta,,
S463,fastas/S463.fasta,,
S464,fastas/S464.fasta,,
S465,fastas/S465.fasta,,
S466,fastas/S466.fasta,,
S467,fastas/S467.fasta,,
S468,fastas/S468.fasta,,
S469,fastas/S469.fasta,,
S470,fastas/S470.fasta,,
S471,fastas/S471.fasta,,
S472,fastas/S472.fasta,,
S473,fastas/S473.fasta,,
S474,fastas/S474.fasta,,
S475,fastas/S475.fasta,,
S476,fastas/S476.fasta,,
S477,fastas/S477.fasta,,
S478,fastas/S478.fasta,,
S479,fastas/S479.fasta,,
S480,fastas/S480.fasta,,
S481,fastas/S481.fasta,,
S482,fastas/S482.fasta,,
S483,fastas/S483.fasta,,
S484,fastas/S484.fasta,,
S485,fastas/S485.fasta,,
S486,fastas/S486.fasta,,
S487,fastas/S487.fasta,,
S488,fastas/S488.fasta,,
S489,fastas/S489.fasta,,
S490,fastas/S490.fasta,,
S491,fastas/S491.fasta,,
S492,fastas/S492.fasta,,
S493,fastas/S493.fasta,,
S494,fastas/S494.fasta,,
S495,fastas/S495.fasta,,
S496,fastas/S496.fasta,,
S497,fastas/S497.fasta,,
S498,fastas/S498.fasta,,
S499,fastas/S499.fasta,,
S500,fastas/S500.fasta,,
S501,fastas/S501.fasta,,
S502,fastas/S502.fasta,,
S503,fastas/S503.fasta,,
S504,fastas/S504.fasta,,
S505,fastas/S505.fasta,,
S506,fastas/S506.fasta,,
S507,fastas/S507.fasta,,
S508,fastas/S508.fasta,,
S509,fastas/S509.fasta,,
S510,fastas/S510.fasta,,
S511,fastas/S511.fasta,,
S512,fastas/S512.fasta,,
S513,fastas/S513.fasta,,
S514,fastas/S514.fasta,,
S515,fastas/S515.fasta,,
S516,fastas/S516.fasta,,
S517,fastas/S517.fasta,,
S518,fastas/S518.fasta,,
S519,fastas/S519.fasta,,
S520,fastas/S520.fasta,,
S521,fastas/S521.fasta,,
S522,fastas/S522.fasta,,
S523,fastas/S523.fasta,,
S524,fastas/S524.fasta,,
S525,fastas/S525.fasta,,
S526,fastas/S526.fasta,,
S527,fastas/S527.fasta,,
S528,fastas/S528.fasta,,
S529,fastas/S529.fasta,,
S530,fastas/S530.fasta,,
S531,fastas/S531.fasta,,
S532,fastas/S532.fasta,,
S533,fastas/S533.fasta,,
S534,fastas/S534.fasta,,
S535,fastas/S535.fasta,,
S536,fastas/S536.fasta,,
S537,fastas/S537.fasta,,
S538,fastas/S538.fasta,,
S539,fastas/S539.fasta,,
S540,fastas/S540.fasta,,
S541,fastas/S541.fasta,,
S542,fastas/S542.fasta,,
S543,fastas/S543.fasta,,
S544,fastas/S544.fasta,,
S545,fastas/S545.fasta,,
S546,fastas/S546.fasta,,
S547,fastas/S547.fasta,,
S548,fastas/S548.fasta,,
S549,fastas/S549.fasta,,
S550,fastas/S550.fasta,,
S551,fastas/S551.fasta,,
S552,fastas/S552.fasta,,
S553,fastas/S553.fasta,,
S554,fastas/S554.fasta,,
S555,fastas/S555.fasta,,
S556,fastas/S556.fasta,,
S557,fastas/S557.fasta,,
S558,fastas/S558.fasta,,
S559,fastas/S559.fasta,,
S560,fastas/S560.fasta,,
S561,fastas/S561.fasta,,
S562,fastas/S562.fasta,,
S563,fastas/S563.fasta,,
S564,fastas/S564.fasta,,
S565,fastas/S565.fasta,,
S566,fastas/S566.fasta,,
S567,fastas/S567.fasta,,
S568,fastas/S568.fasta,,
S569,fastas/S569.fasta,,
S570,fastas/S570.fasta,,
S571,fastas/S571.fasta,,
S572,fastas/S572.fasta,,
S573,fastas/S573.fasta,,
S574,fastas/S574.fasta,,
S575,fastas/S575.fasta,,
S576,fastas/S576.fasta,,
S577,fastas/S577.fasta,,
S578,fastas/S578.fasta,,
S579,fastas/S579.fasta,,
S580,fastas/S580.fasta,,
S581,fastas/S581.fasta,,
S582,fastas/S582.fasta,,
S583,fastas/S583.fasta,,
S584,fastas/S584.fasta,,
S585,fastas/S585.fasta,,
S586,fastas/S586.fasta,,
S587,fastas/S587.fasta,,
S588,fastas/S588.fasta,,
S589,fastas/S589.fasta,,
S590,fastas/S590.fasta,,
S591,fastas/S591.fasta,,
S592,fastas/S592.fasta,,
S593,fastas/S593.fasta,,
S594,fastas/S594.fasta,,
S595,fastas/S595.fasta,,
S596,fastas/S596.fasta,,
S597,fastas/S597.fasta,,
S598,fastas/S598.fasta,,
S599,fastas/S599.fasta,,
S600,fastas/S600.fasta,,
S601,fastas/S601.fasta,,
S602,fastas/S602.fasta,,
S603,fastas/S603.fasta,,
S604,fastas/S604.fasta,,
S605,fastas/S605.fasta,,
S606,fastas/S606.fasta,,
S607,fastas/S607.fasta,,
S608,fastas/S608.fasta,,
S609,fastas/S609.fasta,,
S610,fastas/S610.fasta,,
S611,fastas/S611.fasta,,
S612,fastas/S612.fasta,,
S613,fastas/S613.fasta,,
S614,fastas/S614.fasta,,
S615,fastas/S615.fasta,,
S616,fastas/S616.fasta,,
S617,fastas/S617.fasta,,
S618,fastas/S618.fasta,,
S619,fastas/S619.fasta,,
S620,fastas/S620.fasta,,
S621,fastas/S621.fasta,,
S622,fastas/S622.fasta,,
S623,fastas/S623.fasta,,
S624,fastas/S624.fasta,,
S625,fastas/S625.fasta,,
S626,fastas/S626.fasta,,
S627,fastas/S627.fasta,,
S628,fastas/S628.fasta,,
S629,fastas/S629.fasta,,
S630,fastas/S630.fasta,,
S631,fastas/S631.fasta,,
S632,fastas/S632.fasta,,
S633,fastas/S633.fasta,,
S634,fastas/S634.fasta,,
S635,fastas/S635.fasta,,
S636,fastas/S636.fasta,,
S637,fastas/S637.fasta,,
S638,fastas/S638.fasta,,
S639,fastas/S639.fasta,,
S640,fastas/S640.fasta,,
S641,fastas/S641.fasta,,
S642,fastas/S642.fasta,,
S643,fastas/S643.fasta,,
S644,fastas/S644.fasta,,
S645,fastas/S645.fasta,,
S646,fastas/S646.fasta,,
S647,fastas/S647.fasta,,
S648,fastas/S648.fasta,,
S649,fastas/S649.fasta,,
S650,fastas/S650.fasta,,
S651,fastas/S651.fasta,,
S652,fastas/S652.fasta,,
S653,fastas/S653.fasta,,
S654,fastas/S654.fasta,,
S655,fastas/S655.fasta,,
S656,fastas/S656.fasta,,
S657,fastas/S657.fasta,,
S658,fastas/S658.fasta,,
S659,fastas/S659.fasta,,
S660,fastas/S660.fasta,,
S661,fastas/S661.fasta,,
S662,fastas/S662.fasta,,
S663,fastas/S663.fasta,,
S664,fastas/S664.fasta,,
S665,fastas/S665.fasta,,
S666,fastas/S666.fasta,,
S667,fastas/S667.fasta,,
S668,fastas/S668.fasta,,
S669,fastas/S669.fasta,,
S670,fastas/S670.fasta,,
S671,fastas/S671.fasta,,
S672,fastas/S672.fasta,,
S673,fastas/S673.fasta,,
S674,fastas/S674.fasta,,
S675,fastas/S675.fasta,,
S676,fastas/S676.fasta,,
S677,fastas/S677.fasta,,
S678,fastas/S678.fasta,,
S679,fastas/S679.fasta,,
S680,fastas/S680.fasta,,
S681,fastas/S681.fasta,,
S682,fastas/S682.fasta,,
S683,fastas/S683.fasta,,
S684,fastas/S684.fasta,,
S685,fastas/S685.fasta,,
S686,fastas/S686.fasta,,
S687,fastas/S687.fasta,,
S688,fastas/S688.fasta,,
S689,fastas/S689.fasta,,
S690,fastas/S690.fasta,,
S691,fastas/S691.fasta,,
S692,fastas/S692.fasta,,
S693,fastas/S693.fasta,,
S694,fastas/S694.fasta,,
S695,fastas/S695.fasta,,
S696,fastas/S696.fasta,,
S697,fastas/S697.fasta,,
S698,fastas/S698.fasta,,
S699,fastas/S699.fasta,,
S700,fastas/S700.fasta,,
S701,fastas/S701.fasta,,
S702,fastas/S702.fasta,,
S703,fastas/S703.fasta,,
S704,fastas/S704.fasta,,
S705,fastas/S705.fasta,,
S706,fastas/S706.fasta,,
S707,fastas/S707.fasta,,
S708,fastas/S708.fasta,,
S709,fastas/S709.fasta,,
S710,fastas/S710.fasta,,
S711,fastas/S711.fasta,,
S712,fastas/S712.fasta,,
S713,fastas/S713.fasta,,
S714,fastas/S714.fasta,,
S715,fastas/S715.fasta,,
S716,fastas/S716.fasta,,
S717,fastas/S717.fasta,,
S718,fastas/S718.fasta,,
S719,fastas/S719.fasta,,
S720,fastas/S720.fasta,,
S721,fastas/S721.fasta,,
S722,fastas/S722.fasta,,
S723,fastas/S723.fasta,,
S724,fastas/S724.fasta,,
S725,fastas/S725.fasta,,
S726,fastas/S726.fasta,,
S727,fastas/S727.fasta,,
S728,fastas/S728.fasta,,
S729,fastas/S729.fasta,,
S730,fastas/S730.fasta,,
S731,fastas/S731.fasta,,
S732,fastas/S732.fasta,,
S733,fastas/S733.fasta,,
S734,fastas/S734.fasta,,
S735,fastas/S735.fasta,,
S736,fastas/S736.fasta,,
S737,fastas/S737.fasta,,
S738,fastas/S738.fasta,,
S739,fastas/S739.fasta,,
S740,fastas/S740.fasta,,
S741,fastas/S741.fasta,,
S742,fastas/S742.fasta,,
S743,fastas/S743.fasta,,
S744,fastas/S744.fasta,,
S745,fastas/S745.fasta,,
S746,fastas/S746.fasta,,
S747,fastas/S747.fasta,,
S748,fastas/S748.fasta,,
S749,fastas/S749.fasta,,
S750,fastas/S750.fasta,,
S751,fastas/S751.fasta,,
S752,fastas/S752.fasta,,
S753,fastas/S753.fasta,,
S754,fastas/S754.fasta,,
S755,fastas/S755.fasta,,
S756,fastas/S756.fasta,,
S757,fastas/S757.fasta,,
S758,fastas/S758.fasta,,
S759,fastas/S759.fasta,,
S760,fastas/S760.fasta,,
S761,fastas/S761.fasta,,
S762,fastas/S762.fasta,,
S763,fastas/S763.fasta,,
S764,fastas/S764.fasta,,
S765,fastas/S765.fasta,,
S766,fastas/S766.fasta,,
S767,fastas/S767.fasta,,
S768,fastas/S768.fasta,,
S769,fastas/S769.fasta,,
S770,fastas/S770.fasta,,
S771,fastas/S771.fasta,,
S772,fastas/S772.fasta,,
S773,fastas/S773.fasta,,
S774,fastas/S774.fasta,,
S775,fastas/S775.fasta,,
S776,fastas/S776.fasta,,
S777,fastas/S777.fasta,,
S778,fastas/S778.fasta,,
S779,fastas/S779.fasta,,
S780,fastas/S780.fasta,,
S781,fastas/S781.fasta,,
S782,fastas/S782.fasta,,
S783,fastas/S783.fasta,,
S784,fastas/S784.fasta,,
S785,fastas/S785.fasta,,
S786,fastas/S786.fasta,,
S787,fastas/S787.fasta,,
S788,fastas/S788.fasta,,
S789,fastas/S789.fasta,,
S790,fastas/S790.fasta,,
S791,fastas/S791.fasta,,
S792,fastas/S792.fasta,,
S793,fastas/S793.fasta,,
S794,fastas/S794.fasta,,
S795,fastas/S795.fasta,,
S796,fastas/S796.fasta,,
S797,fastas/S797.fasta,,
S798,fastas/S798.fasta,,
S799,fastas/S799.fasta,,
S800,fastas/S800.fasta,,
S801,fastas/S801.fasta,,
S802,fastas/S802.fasta,,
S803,fastas/S803.fasta,,
S804,fastas/S804.fasta,,
S805,fastas/S805.fasta,,
S806,fastas/S806.fasta,,
S807,fastas/S807.fasta,,
S808,fastas/S808.fasta,,
S809,fastas/S809.fasta,,
S810,fastas/S810.fasta,,
S811,fastas/S811.fasta,,
S812,fastas/S812.fasta,,
S813,fastas/S813.fasta,,
S814,fastas/S814.fasta,,
S815,fastas/S815.fasta,,
S816,fastas/S816.fasta,,
S817,fastas/S817.fasta,,
S818,fastas/S818.fasta,,
S819,fastas/S819.fasta,,
S820,fastas/S820.fasta,,
S821,fastas/S821.fasta,,
S822,fastas/S822.fasta,,
S823,fastas/S823.fasta,,
S824,fastas/S824.fasta,,
S825,fastas/S825.fasta,,
S826,fastas/S826.fasta,,
S827,fastas/S827.fasta,,
S828,fastas/S828.fasta,,
S829,fastas/S829.fasta,,
S830,fastas/S830.fasta,,
S831,fastas/S831.fasta,,
S832,fastas/S832.fasta,,
S833,fastas/S833.fasta,,
S834,fastas/S834.fasta,,
S835,fastas/S835.fasta,,
S836,fastas/S836.fasta,,
S837,fastas/S837.fasta,,
S838,fastas/S838.fasta,,
S839,fastas/S839.fasta,,
S840,fastas/S840.fasta,,
S841,fastas/S841.fasta,,
S842,fastas/S842.fasta,,
S843,fastas/S843.fasta,,
S844,fastas/S844.fasta,,
S845,fastas/S845.fasta,,
S846,fastas/S846.fasta,,
S847,fastas/S847.fasta,,
S848,fastas/S848.fasta,,
S849,fastas/S849.fasta,,
S850,fastas/S850.fasta,,
S851,fastas/S851.fasta,,
S852,fastas/S852.fasta,,
S853,fastas/S853.fasta,,
S854,fastas/S854.fasta,,
S855,fastas/S855.fasta,,
S856,fastas/S856.fasta,,
S857,fastas/S857.fasta,,
S858,fastas/S858.fasta,,
S859,fastas/S859.fasta,,
S860,fastas/S860.fasta,,
S861,fastas/S861.fasta,,
S862,fastas/S862.fasta,,
S863,fastas/S863.fasta,,
S864,fastas/S864.fasta,,
S865,fastas/S865.fasta,,
S866,fastas/S866.fasta,,
S867,fastas/S867.fasta,,
S868,fastas/S868.fasta,,
S869,fastas/S869.fasta,,
S870,fastas/S870.fasta,,
S871,fastas/S871.fasta,,
S872,fastas/S872.fasta,,
S873,fastas/S873.fasta,,
S874,fastas/S874.fasta,,
S875,fastas/S875.fasta,,
S876,fastas/S876.fasta,,
S877,fastas/S877.fasta,,
S878,fastas/S878.fasta,,
S879,fastas/S879.fasta,,
S880,fastas/S880.fasta,,
S881,fastas/S881.fasta,,
S882,fastas/S882.fasta,,
S883,fastas/S883.fasta,,
S884,fastas/S884.fasta,,
S885,fastas/S885.fasta,,
S886,fastas/S886.fasta,,
S887,fastas/S887.fasta,,
S888,fastas/S888.fasta,,
S889,fastas/S889.fasta,,
S890,fastas/S890.fasta,,
S891,fastas/S891.fasta,,
S892,fastas/S892.fasta,,
S893,fastas/S893.fasta,,
S894,fastas/S894.fasta,,
S895,fastas/S895.fasta,,
S896,fastas/S896.fasta,,
S897,fastas/S897.fasta,,
S898,fastas/S898.fasta,,
S899,fastas/S899.fasta,,
S900,fastas/S900.fasta,,
S901,fastas/S901.fasta,,
S902,fastas/S902.fasta,,
S903,fastas/S903.fasta,,
S904,fastas/S904.fasta,,
S905,fastas/S905.fasta,,
S906,fastas/S906.fasta,,
S907,fastas/S907.fasta,,
S908,fastas/S908.fasta,,
S909,fastas/S909.fasta,,
S910,fastas/S910.fasta,,
S911,fastas/S911.fasta,,
S912,fastas/S912.fasta,,
S913,fastas/S913.fasta,,
S914,fastas/S914.fasta,,
S915,fastas/S915.fasta,,
S916,fastas/S916.fasta,,
S917,fastas/S917.fasta,,
S918,fastas/S918.fasta,,
S919,fastas/S919.fasta,,
S920,fastas/S920.fasta,,
S921,fastas/S921.fasta,,
S922,fastas/S922.fasta,,
S923,fastas/S923.fasta,,
S924,fastas/S924.fasta,,
S925,fastas/S925.fasta,,
S926,fastas/S926.fasta,,
S927,fastas/S927.fasta,,
S928,fastas/S928.fasta,,
S929,fastas/S929.fasta,,
S930,fastas/S930.fasta,,
S931,fastas/S931.fasta,,
S932,fastas/S932.fasta,,
S933,fastas/S933.fasta,,
S934,fastas/S934.fasta,,
S935,fastas/S935.fasta,,
S936,fastas/S936.fasta,,
S937,fastas/S937.fasta,,
S938,fastas/S938.fasta,,
S939,fastas/S939.fasta,,
S940,fastas/S940.fasta,,
S941,fastas/S941.fasta,,
S942,fastas/S942.fasta,,
S943,fastas/S943.fasta,,
S944,fastas/S944.fasta,,
S945,fastas/S945.fasta,,
S946,fastas/S946.fasta,,
S947,fastas/S947.fasta,,
S948,fastas/S948.fasta,,
S949,fastas/S949.fasta,,
S950,fastas/S950.fasta,,
S951,fastas/S951.fasta,,
S952,fastas/S952.fasta,,
S953,fastas/S953.fasta,,
S954,fastas/S954.fasta,,
S955,fastas/S955.fasta,,
S956,fastas/S956.fasta,,
S957,fastas/S957.fasta,,
S958,fastas/S958.fasta,,
S959,fastas/S959.fasta,,
S960,fastas/S960.fasta,,
S961,fastas/S961.fasta,,
S962,fastas/S962.fasta,,
S963,fastas/S963.fasta,,
S964,fastas/S964.fasta,,
S965,fastas/S965.fasta,,
S966,fastas/S966.fasta,,
S967,fastas/S967.fasta,,
S968,fastas/S968.fasta,,
S969,fastas/S969.fasta,,
S970,fastas/S970.fasta,,
S971,fastas/S971.fasta,,
S972,fastas/S972.fasta,,
S973,fastas/S973.fasta,,
S974,fastas/S974.fasta,,
S975,fastas/S975.fasta,,
S976,fastas/S976.fasta,,
S977,fastas/S977.fasta,,
S978,fastas/S978.fasta,,
S979,fastas/S979.fasta,,
S980,fastas/S980.fasta,,
S981,fastas/S981.fasta,,
S982,fastas/S982.fasta,,
S983,fastas/S983.fasta,,
S984,fastas/S984.fasta,,
S985,fastas/S985.fasta,,
S986,fastas/S986.fasta,,
S987,fastas/S987.fasta,,
S988,fastas/S988.fasta,,
S989,fastas/S989.fasta,,
S990,fastas/S990.fasta,,
S991,fastas/S991.fasta,,
S992,fastas/S992.fasta,,
S993,fastas/S993.fasta,,
S994,fastas/S994.fasta,,
S995,fastas/S995.fasta,,
S996,fastas/S996.fasta,,
S997,fastas/S997.fasta,,
S998,fastas/S998.fasta,,
S999,fastas/S999.fasta,,
S1000,fastas/S1000.fasta,,
S1001,fastas/S1001.fasta,,
S1002,fastas/S1002.fasta,,
S1003,fastas/S1003.fasta,,
S1004,fastas/S1004.fasta,,
S1005,fastas/S1005.fasta,,
S1006,fastas/S1006.fasta,,
S1007,fastas/S1007.fasta,,
S1008,fastas/S1008.fasta,,
S1009,fastas/S1009.fasta,,
S1010,fastas/S1010.fasta,,
S1011,fastas/S1011.fasta,,
S1012,fastas/S1012.fasta,,
S1013,fastas/S1013.fasta,,
S1014,fastas/S1014.fasta,,
S1015,fastas/S1015.fasta,,
S1016,fastas/S1016.fasta,,
S1017,fastas/S1017.fasta,,
S1018,fastas/S1018.fasta,,
S1019,fastas/S1019.fasta,,
S1020,fastas/S1020.fasta,,
S1021,fastas/S1021.fasta,,
S1022,fastas/S1022.fasta,,
S1023,fastas/S1023.fasta,,
S1024,fastas/S1024.fasta,,
S1025,fastas/S1025.fasta,,
S1026,fastas/S1026.fasta,,
S1027,fastas/S1027.fasta,,
S1028,fastas/S1028.fasta,,
S1029,fastas/S1029.fasta,,
S1030,fastas/S1030.fasta,,
S1031,fastas/S1031.fasta,,
S1032,fastas/S1032.fasta,,
S1033,fastas/S1033.fasta,,
S1034,fastas/S1034.fasta,,
S1035,fastas/S1035.fasta,,
S1036,fastas/S1036.fasta,,
S1037,fastas/S1037.fasta,,
S1038,fastas/S1038.fasta,,
S1039,fastas/S1039.fasta,,
S1040,fastas/S1040.fasta,,
S1041,fastas/S1041.fasta,,
S1042,fastas/S1042.fasta,,
S1043,fastas/S1043.fasta,,
S1044,fastas/S1044.fasta,,
S1045,fastas/S1045.fasta,,
S1046,fastas/S1046.fasta,,
S1047,fastas/S1047.fasta,,
S1048,fastas/S1048.fasta,,
S1049,fastas/S1049.fasta,,
S1050,fastas/S1050.fasta,,
S1051,fastas/S1051.fasta,,
S1052,fastas/S1052.fasta,,
S1053,fastas/S1053.fasta,,
S1054,fastas/S1054.fasta,,
S1055,fastas/S1055.fasta,,
S1056,fastas/S1056.fasta,,
S1057,fastas/S1057.fasta,,
S1058,fastas/S1058.fasta,,
S1059,fastas/S1059.fasta,,
S1060,fastas/S1060.fasta,,
S1061,fastas/S1061.fasta,,
S1062,fastas/S1062.fasta,,
S1063,fastas/S1063.fasta,,
S1064,fastas/S1064.fasta,,
S1065,fastas/S1065.fasta,,
S1066,fastas/S1066.fasta,,
S1067,fastas/S1067.fasta,,
S1068,fastas/S1068.fasta,,
S1069,fastas/S1069.fasta,,
S1070,fastas/S1070.fasta,,
S1071,fastas/S1071.fasta,,
S1072,fastas/S1072.fasta,,
S1073,fastas/S1073.fasta,,
S1074,fastas/S1074.fasta,,
S1075,fastas/S1075.fasta,,
S1076,fastas/S1076.fasta,,
S1077,fastas/S1077.fasta,,
S1078,fastas/S1078.fasta,,
S1079,fastas/S1079.fasta,,
S1080,fastas/S1080.fasta,,
S1081,fastas/S1081.fasta,,
S1082,fastas/S1082.fasta,,
S1083,fastas/S1083.fasta,,
S1084,fastas/S1084.fasta,,
S1085,fastas/S1085.fasta,,
S1086,fastas/S1086.fasta,,
S1087,fastas/S1087.fasta,,
S1088,fastas/S1088.fasta,,
S1089,fastas/S1089.fasta,,
S1090,fastas/S1090.fasta,,
S1091,fastas/S1091.fasta,,
S1092,fastas/S1092.fasta,,
S1093,fastas/S1093.fasta,,
S1094,fastas/S1094.fasta,,
S1095,fastas/S1095.fasta,,
S1096,fastas/S1096.fasta,,
S1097,fastas/S1097.fasta,,
S1098,fastas/S1098.fasta,,
S1099,fastas/S1099.fasta,,
S1100,fastas/S1100.fasta,,
S1101,fastas/S1101.fasta,,
S1102,fastas/S1102.fasta,,
S1103,fastas/S1103.fasta,,
S1104,fastas/S1104.fasta,,
S1105,fastas/S1105.fasta,,
S1106,fastas/S1106.fasta,,
S1107,fastas/S1107.fasta,,
S1108,fastas/S1108.fasta,,
S1109,fastas/S1109.fasta,,
S1110,fastas/S1110.fasta,,
S1111,fastas/S1111.fasta,,
S1112,fastas/S1112.fasta,,
S1113,fastas/S1113.fasta,,
S1114,fastas/S1114.fasta,,
S1115,fastas/S1115.fasta,,
S1116,fastas/S1116.fasta,,
S1117,fastas/S1117.fasta,,
S1118,fastas/S1118.fasta,,
S1119,fastas/S1119.fasta,,
S1120,fastas/S1120.fasta,,
S1121,fastas/S1121.fasta,,
S1122,fastas/S1122.fasta,,
S1123,fastas/S1123.fasta,,
S1124,fastas/S1124.fasta,,
S1125,fastas/S1125.fasta,,
S1126,fastas/S1126.fasta,,
S1127,fastas/S1127.fasta,,
S1128,fastas/S1128.fasta,,
S1129,fastas/S1129.fasta,,
S1130,fastas/S1130.fasta,,
S1131,fastas/S1131.fasta,,
S1132,fastas/S1132.fasta,,
S1133,fastas/S1133.fasta,,
S1134,fastas/S1134.fasta,,
S1135,fastas/S1135.fasta,,
S1136,fastas/S1136.fasta,,
S1137,fastas/S1137.fasta,,
S1138,fastas/S1138.fasta,,
S1139,fastas/S1139.fasta,,
S1140,fastas/S1140.fasta,,
S1141,fastas/S1141.fasta,,
S1142,fastas/S1142.fasta,,
S1143,fastas/S1143.fasta,,
S1144,fastas/S1144.fasta,,
S1145,fastas/S1145.fasta,,
S1146,fastas/S1146.fasta,,
S1147,fastas/S1147.fasta,,
S1148,fastas/S1148.fasta,,
S1149,fastas/S1149.fasta,,
S1150,fastas/S1150.fasta,,
S1151,fastas/S1151.fasta,,
S1152,fastas/S1152.fasta,,
S1153,fastas/S1153.fasta,,
S1154,fastas/S1154.fasta,,
S1155,fastas/S1155.fasta,,
S1156,fastas/S1156.fasta,,
S1157,fastas/S1157.fasta,,
S1158,fastas/S1158.fasta,,
S1159,fastas/S1159.fasta,,
S1160,fastas/S1160.fasta,,
S1161,fastas/S1161.fasta,,
S1162,fastas/S1162.fasta,,
S1163,fastas/S1163.fasta,,
S1164,fastas/S1164.fasta,,
S1165,fastas/S1165.fasta,,
S1166,fastas/S1166.fasta,,
S1167,fastas/S1167.fasta,,
S1168,fastas/S1168.fasta,,
S1169,fastas/S1169.fasta,,
S1170,fastas/S1170.fasta,,
S1171,fastas/S1171.fasta,,
S1172,fastas/S1172.fasta,,
S1173,fastas/S1173.fasta,,
S1174,fastas/S1174.fasta,,
S1175,fastas/S1175.fasta,,
S1176,fastas/S1176.fasta,,
S1177,fastas/S1177.fasta,,
S1178,fastas/S1178.fasta,,
S1179,fastas/S1179.fasta,,
S1180,fastas/S1180.fasta,,
S1181,fastas/S1181.fasta,,
S1182,fastas/S1182.fasta,,
S1183,fastas/S1183.fasta,,
S1184,fastas/S1184.fasta,,
S1185,fastas/S1185.fasta,,
S1186,fastas/S1186.fasta,,
S1187,fastas/S1187.fasta,,
S1188,fastas/S1188.fasta,,
S1189,fastas/S1189.fasta,,
S1190,fastas/S1190.fasta,,
S1191,fastas/S1191.fasta,,
S1192,fastas/S1192.fasta,,
S1193,fastas/S1193.fasta,,
S1194,fastas/S1194.fasta,,
S1195,fastas/S1195.fasta,,
S1196,fastas/S1196.fasta,,
S1197,fastas/S1197.fasta,,
S1198,fastas/S1198.fasta,,
S1199,fastas/S1199.fasta,,
S1200,fastas/S1200.fasta,,
S1201,fastas/S1201.fasta,,
S1202,fastas/S1202.fasta,,
S1203,fastas/S1203.fasta,,
S1204,fastas/S1204.fasta,,
S1205,fastas/S1205.fasta,,
S1206,fastas/S1206.fasta,,
S1207,fastas/S1207.fasta,,
S1208,fastas/S1208.fasta,,
S1209,fastas/S1209.fasta,,
S1210,fastas/S1210.fasta,,
S1211,fastas/S1211.fasta,,
S1212,fastas/S1212.fasta,,
S1213,fastas/S1213.fasta,,
S1214,fastas/S1214.fasta,,
S1215,fastas/S1215.fasta,,
S1216,fastas/S1216.fasta,,
S1217,fastas/S1217.fasta,,
S1218,fastas/S1218.fasta,,
S1219,fastas/S1219.fasta,,
S1220,fastas/S1220.fasta,,
S1221,fastas/S1221.fasta,,
S1222,fastas/S1222.fasta,,
S1223,fastas/S1223.fasta,,
S1224,fastas/S1224.fasta,,
S1225,fastas/S1225.fasta,,
S1226,fastas/S1226.fasta,,
S1227,fastas/S1227.fasta,,
S1228,fastas/S1228.fasta,,
S1229,fastas/S1229.fasta,,
S1230,fastas/S1230.fasta,,
S1231,fastas/S1231.fasta,,
S1232,fastas/S1232.fasta,,
S1233,fastas/S1233.fasta,,
S1234,fastas/S1234.fasta,,
S1235,fastas/S1235.fasta,,
S1236,fastas/S1236.fasta,,
S1237,fastas/S1237.fasta,,
S1238,fastas/S1238.fasta,,
S1239,fastas/S1239.fasta,,
S1240,fastas/S1240.fasta,,
S1241,fastas/S1241.fasta,,
S1242,fastas/S1242.fasta,,
S1243,fastas/S1243.fasta,,
S1244,fastas/S1244.fasta,,
S1245,fastas/S1245.fasta,,
S1246,fastas/S1246.fasta,,
S1247,fastas/S1247.fasta,,
S1248,fastas/S1248.fasta,,
S1249,fastas/S1249.fasta,,
S1250,fastas/S1250.fasta,,
S1251,fastas/S1251.fasta,,
S1252,fastas/S1252.fasta,,
S1253,fastas/S1253.fasta,,
S1254,fastas/S1254.fasta,,
S1255,fastas/S1255.fasta,,
S1256,fastas/S1256.fasta,,
S1257,fastas/S1257.fasta,,
S1258,fastas/S1258.fasta,,
S1259,fastas/S1259.fasta,,
S1260,fastas/S1260.fasta,,
S1261,fastas/S1261.fasta,,
S1262,fastas/S1262.fasta,,
S1263,fastas/S1263.fasta,,
S1264,fastas/S1264.fasta,,
S1265,fastas/S1265.fasta,,
S1266,fastas/S1266.fasta,,
S1267,fastas/S1267.fasta,,
S1268,fastas/S1268.fasta,,
S1269,fastas/S1269.fasta,,
S1270,fastas/S1270.fasta,,
S1271,fastas/S1271.fasta,,
S1272,fastas/S1272.fasta,,
S1273,fastas/S1273.fasta,,
S1274,fastas/S1274.fasta,,
S1275,fastas/S1275.fasta,,
S1276,fastas/S1276.fasta,,
S1277,fastas/S1277.fasta,,
S1278,fastas/S1278.fasta,,
S1279,fastas/S1279.fasta,,
S1280,fastas/S1280.fasta,,
S1281,fastas/S1281.fasta,,
S1282,fastas/S1282.fasta,,
S1283,fastas/S1283.fasta,,
S1284,fastas/S1284.fasta,,
S1285,fastas/S1285.fasta,,
S1286,fastas/S1286.fasta,,
S1287,fastas/S1287.fasta,,
S1288,fastas/S1288.fasta,,
S1289,fastas/S1289.fasta,,
S1290,fastas/S1290.fasta,,
S1291,fastas/S1291.fasta,,
S1292,fastas/S1292.fasta,,
S1293,fastas/S1293.fasta,,
S1294,fastas/S1294.fasta,,
S1295,fastas/S1295.fasta,,
S1296,fastas/S1296.fasta,,
S1297,fastas/S1297.fasta,,
